u,v,moda,x,y,periode,total
Jakarta,Medan,KPNG,3300,1,1,337808000
Jakarta,Medan,KPNG,3300,1,2,337808000
Jakarta,Medan,KPNG,3300,1,2,337808000
Jakarta,Medan,KPNG,3300,1,3,337808000
Jakarta,Medan,KPNG,3300,1,3,337808000
Jakarta,Medan,KPNG,3300,1,5,340858000
Jakarta,Medan,KPNG,4400,1,5,443674000
Jakarta,Medan,KPNG,3300,1,6,337808000
Jakarta,Medan,KPNG,3200,1,7,337508000
Jakarta,Medan,KPNG,4400,1,8,440624000
Jakarta,Medan,KPNG,3850,1,9,389216000
Jakarta,Medan,KBRG,3850,1,10,223460000
Jakarta,Medan,KPNG,3850,1,12,389216000
Jakarta,Medan,KPNG,3150,1,12,337358000
Jakarta,Lampung,TRUK,1005,5,2,33581000
Jakarta,Lampung,TRUK,1000,4,2,33566000
Jakarta,Lampung,TRUK,1000,4,3,33566000
Jakarta,Lampung,TRUK,1000,4,3,33566000
Jakarta,Lampung,TRUK,1000,4,3,33566000
Jakarta,Lampung,TRUK,1000,4,4,33566000
Jakarta,Lampung,TRUK,1000,4,4,33566000
Jakarta,Lampung,TRUK,1000,4,5,33566000
Jakarta,Lampung,TRUK,1000,4,5,33566000
Jakarta,Lampung,TRUK,1000,4,5,33566000
Jakarta,Lampung,TRUK,1104,5,6,33878000
Jakarta,Lampung,TRUK,1000,4,7,33566000
Jakarta,Lampung,TRUK,1000,4,9,33566000
Jakarta,Lampung,TRUK,500,2,9,25874000
Jakarta,Lampung,TRUK,1000,4,10,33566000
Jakarta,Lampung,TRUK,1000,4,11,33566000
Jakarta,Lampung,TRUK,1000,4,11,33566000
Jakarta,Lampung,TRUK,1000,4,12,33566000
Jakarta,Lampung,TRUK,1000,4,12,33566000
Jakarta,Lampung,TRUK,1000,4,12,33566000
Jakarta,Palembang,KBRG,2750,1,1,168605000
Jakarta,Palembang,KBRG,4400,1,2,259625000
Jakarta,Palembang,KBRG,3300,1,3,204540000
Jakarta,Palembang,KBRG,2750,1,4,170155000
Jakarta,Palembang,KBRG,3300,1,5,203765000
Jakarta,Palembang,KBRG,3300,1,6,203765000
Jakarta,Palembang,KBRG,3300,1,7,203765000
Jakarta,Palembang,KBRG,3300,1,9,202990000
Jakarta,Palembang,KBRG,2905,1,10,201805000
Jakarta,Palembang,KBRG,3300,1,11,202990000
Jakarta,Palembang,KBRG,2750,1,12,170155000
Jakarta,Pekanbaru,KBRG,3300,1,1,209990000
Jakarta,Pekanbaru,KBRG,4400,1,2,269050000
Jakarta,Pekanbaru,KBRG,1650,1,3,117245000
Jakarta,Pekanbaru,KBRG,3300,1,4,209990000
Jakarta,Pekanbaru,KBRG,3850,1,5,238745000
Jakarta,Pekanbaru,KBRG,3829,1,6,239457000
Jakarta,Pekanbaru,KBRG,3300,1,6,209215000
Jakarta,Pekanbaru,KBRG,2200,1,8,145275000
Jakarta,Pekanbaru,KBRG,2200,1,8,144500000
Jakarta,Pekanbaru,KBRG,2200,1,10,146050000
Jakarta,Pekanbaru,KBRG,2200,1,11,146050000
Jakarta,Pekanbaru,KBRG,2200,1,12,146825000
Jakarta,Bandung,TRUK,1100,5,1,19530000
Jakarta,Bandung,TRUK,1100,5,1,19530000
Jakarta,Bandung,TRUK,1250,5,1,19980000
Jakarta,Bandung,TRUK,1250,5,2,19980000
Jakarta,Bandung,TRUK,1250,5,2,19980000
Jakarta,Bandung,TRUK,1250,5,2,19980000
Jakarta,Bandung,TRUK,1250,5,2,19980000
Jakarta,Bandung,TRUK,1250,5,2,19980000
Jakarta,Bandung,TRUK,1250,5,3,19980000
Jakarta,Bandung,TRUK,1250,5,3,19980000
Jakarta,Bandung,TRUK,1250,5,3,19980000
Jakarta,Bandung,TRUK,1250,5,3,19980000
Jakarta,Bandung,TRUK,1250,5,3,19980000
Jakarta,Bandung,TRUK,1250,5,4,19980000
Jakarta,Bandung,TRUK,1000,4,4,16840000
Jakarta,Bandung,TRUK,1250,5,4,19980000
Jakarta,Bandung,TRUK,1250,5,5,19980000
Jakarta,Bandung,TRUK,1250,5,5,19980000
Jakarta,Bandung,TRUK,1250,5,5,19980000
Jakarta,Bandung,TRUK,1200,5,6,19830000
Jakarta,Bandung,TRUK,1200,5,6,19830000
Jakarta,Bandung,TRUK,1000,4,6,16840000
Jakarta,Bandung,TRUK,1000,4,11,16840000
Jakarta,Bandung,TRUK,1100,5,11,19530000
Jakarta,Bandung,TRUK,1100,5,11,19530000
Jakarta,Bandung,TRUK,1000,4,12,18390000
Jakarta,Bandung,TRUK,1000,4,12,18390000
Jakarta,Semarang,KRTA,1000,1,1,66310000
Jakarta,Semarang,KRTA,1885,1,1,129930000
Jakarta,Semarang,KRTA,2850,1,2,187630000
Jakarta,Semarang,KRTA,2000,1,2,130620000
Jakarta,Semarang,KRTA,2050,1,2,182830000
Jakarta,Semarang,KRTA,1900,1,3,127120000
Jakarta,Semarang,KRTA,1950,1,3,127420000
Jakarta,Semarang,KRTA,1850,1,4,126820000
Jakarta,Semarang,KRTA,1850,1,4,126820000
Jakarta,Semarang,KRTA,1850,1,4,126820000
Jakarta,Semarang,KRTA,3100,2,5,189130000
Jakarta,Semarang,KRTA,3000,1,6,188530000
Jakarta,Semarang,KRTA,2700,1,6,186730000
Jakarta,Semarang,KRTA,3000,1,6,188530000
Jakarta,Semarang,KRTA,2900,1,6,187930000
Jakarta,Semarang,KRTA,800,1,6,65110000
Jakarta,Semarang,KRTA,1850,1,10,126820000
Jakarta,Semarang,KRTA,2750,1,12,187030000
Jakarta,Semarang,KRTA,3000,1,12,188530000
Jakarta,Semarang,KRTA,2650,1,12,186430000
Jakarta,Semarang,KRTA,2950,1,12,188230000
Jakarta,Batam,KPNG,1650,1,2,166055000
Jakarta,Batam,KPNG,1100,1,3,115530002
Jakarta,Batam,KPNG,1650,1,5,166055006
Jakarta,Batam,KPNG,1650,1,5,166055009
Jakarta,Batam,KPNG,2200,1,7,216580016
Jakarta,Batam,KPNG,1600,1,9,165905015
Jakarta,Batam,KPNG,1610,1,10,165935018
Jakarta,Batam,KPNG,550,1,12,65005007
Jakarta,Serang,TRUK,70,1,6,8312500
Jakarta,Serang,TRUK,1250,5,6,18142500
Jakarta,Serang,TRUK,1027,5,7,17473500
Jakarta,Serang,TRUK,1000,4,8,15370000
Jakarta,Serang,TRUK,1100,5,12,17692500
Jakarta,Cirebon,TRUK,274,2,1,12382000
Jakarta,Cirebon,TRUK,990,4,2,19250000
Jakarta,Cirebon,TRUK,600,3,3,16170000
Jakarta,Cirebon,TRUK,1000,4,4,19280000
Jakarta,Cirebon,TRUK,600,3,6,16170000
Jakarta,Cirebon,TRUK,1200,5,6,22690000
Jakarta,Cirebon,TRUK,650,3,11,16320000
Jakarta,Cirebon,TRUK,1000,4,12,19280000
Jakarta,Pontianak,KBRG,2750,1,2,165905000
Jakarta,Pontianak,KBRG,3300,1,3,196485000
Jakarta,Pontianak,KBRG,1100,1,4,84230000
Jakarta,Pontianak,KBRG,1700,1,9,137180000
Jakarta,Pontianak,KBRG,1650,1,11,110680000
Jakarta,Pontianak,KBRG,2200,1,12,141780000
Jakarta,Banjarmasin,KBRG,1100,1,1,79855000
Jakarta,Banjarmasin,KBRG,1100,1,3,80630000
Jakarta,Banjarmasin,KBRG,2750,1,4,159055000
Jakarta,Banjarmasin,KBRG,2750,1,5,159055000
Jakarta,Banjarmasin,KBRG,1650,1,7,107030000
Jakarta,Banjarmasin,KBRG,2750,1,8,159830000
Jakarta,Banjarmasin,KBRG,2200,1,9,132655000
Jakarta,Banjarmasin,KBRG,2200,1,10,132655000
Jakarta,Banjarmasin,KBRG,2200,1,11,133430000
Jakarta,Balikpapan,KBRG,5500,1,2,313110000
Jakarta,Balikpapan,KBRG,1650,1,3,111125000
Jakarta,Balikpapan,KBRG,3850,1,4,228315000
Jakarta,Balikpapan,KBRG,1650,1,5,110350000
Jakarta,Balikpapan,KBRG,5500,1,8,312335000
Jakarta,Balikpapan,KBRG,2200,1,9,138615000
Jakarta,Surabaya,KRTA,2500,1,1,254760000
Jakarta,Surabaya,KPNG,3300,1,1,272430000
Jakarta,Surabaya,KRTA,1885,1,1,173350000
Jakarta,Surabaya,KPNG,3300,1,2,273955000
Jakarta,Surabaya,KPNG,1100,1,2,267355000
Jakarta,Surabaya,KPNG,3300,1,3,273955000
Jakarta,Surabaya,KPNG,2200,1,3,310025000
Jakarta,Surabaya,KPNG,1650,1,4,224530000
Jakarta,Surabaya,KPNG,3300,1,4,263570000
Jakarta,Surabaya,KPNG,4400,1,4,358270000
Jakarta,Surabaya,KRTA,1900,1,5,173440000
Jakarta,Surabaya,KRTA,2800,1,5,256560000
Jakarta,Surabaya,KRTA,2650,1,5,255660000
Jakarta,Surabaya,KPNG,2750,1,5,224080000
Jakarta,Surabaya,KPNG,4950,1,6,397015000
Jakarta,Surabaya,KRTA,3000,1,6,257760000
Jakarta,Surabaya,KBRG,8250,1,6,320840000
Jakarta,Surabaya,KRTA,3000,1,6,257760000
Jakarta,Surabaya,KRTA,3000,1,6,257760000
Jakarta,Surabaya,KPNG,5550,1,6,467170000
Jakarta,Surabaya,KRTA,2852,1,6,256872000
Jakarta,Surabaya,KPNG,1200,1,9,140690000
Jakarta,Surabaya,KPNG,2200,1,10,183060000
Jakarta,Surabaya,KPNG,2200,1,11,183060000
Jakarta,Surabaya,KPNG,4400,1,12,354495000
Jakarta,Manado,KPNG,3300,1,2,291816000
Jakarta,Manado,KPNG,2200,1,3,197884000
Jakarta,Manado,KPNG,2750,1,5,417144000
Jakarta,Manado,KPNG,3300,1,10,293341000
Jakarta,Manado,KPNG,1500,1,12,152458000
Jakarta,Ternate,KBRG,1100,1,3,149019000
Jakarta,Ternate,KBRG,1100,1,5,149019000
Jakarta,Makassar,KPNG,3300,1,1,297633000
Jakarta,Makassar,KPNG,2200,1,3,200262000
Jakarta,Makassar,KPNG,1100,1,4,110196000
Jakarta,Makassar,KPNG,3300,1,5,297633000
Jakarta,Makassar,KPNG,3300,1,6,297633000
Jakarta,Makassar,KPNG,1100,1,6,110196000
Jakarta,Makassar,KPNG,2750,1,7,243570000
Jakarta,Makassar,KPNG,2200,1,8,199112000
Jakarta,Makassar,KPNG,2750,1,9,243570000
Jakarta,Makassar,KPNG,2200,1,10,197962000
Jakarta,Makassar,KPNG,2750,1,11,244720000
Jakarta,Makassar,KPNG,3300,1,12,299158000
Medan,Lhokseumawe,TRUK,750,3,1,17626896
Medan,Lhokseumawe,TRUK,750,3,1,17725137
Medan,Lhokseumawe,TRUK,750,3,2,17372350
Medan,Lhokseumawe,TRUK,750,3,3,17843802
Medan,Lhokseumawe,TRUK,500,2,4,14150000
Medan,Lhokseumawe,TRUK,500,2,4,13405938
Medan,Lhokseumawe,TRUK,500,2,5,13749500
Medan,Lhokseumawe,TRUK,500,2,5,14289350
Medan,Lhokseumawe,TRUK,500,2,6,13952400
Medan,Lhokseumawe,TRUK,500,2,6,14250000
Medan,Lhokseumawe,TRUK,500,2,6,14046500
Medan,Lhokseumawe,TRUK,500,2,6,14018450
Medan,Lhokseumawe,TRUK,500,2,6,13963500
Medan,Lhokseumawe,TRUK,150,1,8,10425000
Medan,Lhokseumawe,TRUK,500,2,8,14335011
Medan,Lhokseumawe,TRUK,440,2,9,13590265
Medan,Lhokseumawe,TRUK,700,3,10,18047599
Medan,Lhokseumawe,TRUK,600,3,11,17625000
Medan,Lhokseumawe,TRUK,500,2,11,14134700
Medan,Lhokseumawe,TRUK,655,3,12,17597000
Medan,Banda Aceh,TRUK,750,3,6,19596100
Medan,Banda Aceh,TRUK,750,3,6,19108084
Medan,Pematang Siantar,TRUK,750,3,1,12590061
Medan,Pematang Siantar,TRUK,750,3,2,12703983
Medan,Pematang Siantar,TRUK,500,2,3,9680047
Medan,Pematang Siantar,TRUK,750,3,4,12580250
Medan,Pematang Siantar,TRUK,750,3,5,12249893
Medan,Pematang Siantar,TRUK,750,3,6,12080017
Medan,Pematang Siantar,TRUK,225,1,7,6660000
Medan,Pematang Siantar,TRUK,300,2,7,8775000
Medan,Pematang Siantar,TRUK,500,2,8,9937002
Medan,Pematang Siantar,TRUK,501,3,9,8963800
Medan,Pematang Siantar,TRUK,750,3,10,13375000
Medan,Pematang Siantar,TRUK,750,3,11,12242000
Medan,Pematang Siantar,TRUK,500,2,11,9810000
Medan,Pematang Siantar,TRUK,750,3,12,13250000
Medan,Sibolga,TRUK,500,2,1,13630000
Medan,Sibolga,TRUK,250,1,1,10825080
Medan,Sibolga,TRUK,750,3,3,18393686
Medan,Sibolga,TRUK,500,2,5,14610200
Medan,Sibolga,TRUK,500,2,6,12895000
Medan,Sibolga,TRUK,750,3,6,17556993
Medan,Sibolga,TRUK,160,1,8,10192000
Medan,Sibolga,TRUK,650,3,8,15645450
Medan,Sibolga,TRUK,750,3,10,19458000
Medan,Sibolga,TRUK,600,3,11,18395000
Medan,Sibolga,TRUK,625,3,12,17658000
Medan,Sibolga,TRUK,250,1,12,11040000
Medan,Sibolga,TRUK,750,3,12,18545843
Pekanbaru,Padang,TRUK,500,2,3,18650000
Pekanbaru,Padang,TRUK,500,2,3,18550000
Pekanbaru,Padang,TRUK,500,2,3,18750000
Pekanbaru,Padang,TRUK,500,2,4,18550000
Pekanbaru,Padang,TRUK,500,2,4,18950000
Pekanbaru,Padang,TRUK,500,2,5,18750000
Pekanbaru,Padang,TRUK,450,2,5,18600000
Pekanbaru,Padang,TRUK,500,2,5,18550000
Pekanbaru,Padang,TRUK,500,2,5,18550000
Palembang,Jambi,TRUK,400,2,1,27485000
Palembang,Jambi,TRUK,480,2,2,28445000
Jambi,Palembang,TRUK,28,1,2,15007000
Palembang,Jambi,TRUK,200,1,2,6196000
Palembang,Jambi,TRUK,500,2,3,24795000
Palembang,Jambi,TRUK,400,2,4,23595000
Palembang,Jambi,TRUK,500,2,4,24795000
Palembang,Jambi,TRUK,700,3,5,30359000
Palembang,Jambi,TRUK,800,4,5,40071000
Palembang,Jambi,TRUK,750,3,5,39471000
Palembang,Jambi,TRUK,825,4,6,40371000
Palembang,Jambi,TRUK,450,2,7,23342000
Palembang,Jambi,TRUK,450,2,8,26506000
Palembang,Jambi,TRUK,490,2,9,21910000
Palembang,Jambi,TRUK,500,2,9,23942000
Jambi,Palembang,TRUK,100,1,10,13431000
Palembang,Jambi,TRUK,525,3,10,15175000
Palembang,Jambi,TRUK,575,3,11,28006000
Palembang,Jambi,TRUK,600,3,11,23230000
Palembang,Jambi,TRUK,650,3,12,34679000
Palembang,Jambi,TRUK,650,3,12,37171000
Palembang,Pangkal Pinang,TRUK,186,1,2,9256000
Palembang,Pangkal Pinang,TRUK,120,1,3,8596000
Palembang,Pangkal Pinang,TRUK,245,1,4,9846000
Palembang,Pangkal Pinang,TRUK,130,1,4,8696000
Palembang,Pangkal Pinang,TRUK,205,1,5,9446000
Palembang,Pangkal Pinang,TRUK,250,1,5,9896000
Pangkal Pinang,Palembang,TRUK,425,2,6,31890000
Pangkal Pinang,Palembang,TRUK,435,2,6,26060000
Palembang,Pangkal Pinang,TRUK,200,1,7,9396000
Palembang,Pangkal Pinang,TRUK,200,1,8,9396000
Palembang,Pangkal Pinang,TRUK,100,1,10,8396000
Palembang,Pangkal Pinang,TRUK,220,1,11,9596000
Palembang,Pangkal Pinang,TRUK,230,1,12,9696000
Palembang,Pangkal Pinang,TRUK,160,1,12,23628000
Lampung,Bengkulu,TRUK,600,3,2,29290000
Lampung,Bengkulu,TRUK,500,2,3,33570000
Lampung,Bengkulu,TRUK,750,3,5,44320000
Lampung,Bengkulu,TRUK,800,4,6,44670000
Lampung,Bengkulu,TRUK,550,3,6,33920000
Lampung,Bengkulu,TRUK,250,1,9,22820000
Lampung,Bengkulu,TRUK,750,3,11,44320000
Bandung,Tasikmalaya,TRUK,300,2,1,10150000
Bandung,Tasikmalaya,TRUK,1300,6,2,17250000
Bandung,Tasikmalaya,TRUK,1000,4,4,15050000
Bandung,Tasikmalaya,TRUK,1000,4,6,15050000
Bandung,Tasikmalaya,TRUK,700,3,6,7800000
Bandung,Tasikmalaya,TRUK,950,4,7,13400000
Bandung,Tasikmalaya,TRUK,25,1,8,6450000
Bandung,Tasikmalaya,TRUK,400,2,8,8300000
Bandung,Tasikmalaya,TRUK,400,2,10,11200000
Bandung,Tasikmalaya,TRUK,800,4,10,12800000
Bandung,Tasikmalaya,TRUK,1050,5,12,12350000
Semarang,Solo,TRUK,500,2,1,15328000
Semarang,Solo,TRUK,316,2,1,9610000
Semarang,Solo,TRUK,299,2,2,10158000
Semarang,Solo,TRUK,436,2,2,13894000
Semarang,Solo,TRUK,585,3,2,14088000
Semarang,Solo,TRUK,933,4,3,14826000
Semarang,Solo,TRUK,350,2,4,9224000
Semarang,Solo,TRUK,700,3,5,12618000
Semarang,Solo,TRUK,900,4,6,15698000
Semarang,Solo,TRUK,1000,4,6,16823000
Semarang,Solo,TRUK,350,2,6,10099000
Semarang,Solo,TRUK,600,3,6,12718000
Semarang,Solo,TRUK,325,2,6,9149000
Semarang,Solo,TRUK,150,1,6,7289000
Semarang,Solo,TRUK,165,1,7,7379000
Semarang,Solo,TRUK,1100,5,10,15168000
Semarang,Solo,TRUK,1500,6,12,21588000
Semarang,Solo,TRUK,1140,5,12,21003000
Semarang,Solo,TRUK,900,4,12,17423000
Semarang,Solo,TRUK,1100,5,12,18993000
Semarang,Yogyakarta,TRUK,543,3,1,14946000
Semarang,Yogyakarta,TRUK,266,2,1,11531500
Semarang,Yogyakarta,TRUK,340,2,2,13728000
Semarang,Yogyakarta,TRUK,476,2,2,14544000
Semarang,Yogyakarta,TRUK,585,3,2,14498000
Semarang,Yogyakarta,TRUK,350,2,2,10019000
Semarang,Yogyakarta,TRUK,374,2,3,8763000
Semarang,Yogyakarta,TRUK,550,3,4,12938000
Semarang,Yogyakarta,TRUK,500,2,4,12638000
Semarang,Yogyakarta,TRUK,550,3,5,12938000
Semarang,Yogyakarta,TRUK,700,3,5,13838000
Semarang,Yogyakarta,TRUK,600,3,5,13238000
Semarang,Yogyakarta,TRUK,600,3,5,13238000
Semarang,Yogyakarta,TRUK,600,3,6,13238000
Semarang,Yogyakarta,TRUK,850,4,6,14738000
Semarang,Yogyakarta,TRUK,900,4,6,15038000
Semarang,Yogyakarta,TRUK,600,3,6,13238000
Semarang,Yogyakarta,TRUK,200,1,6,7719000
Semarang,Yogyakarta,TRUK,600,3,10,13238000
Semarang,Yogyakarta,TRUK,795,4,10,14408000
Semarang,Yogyakarta,TRUK,900,4,11,16790500
Semarang,Yogyakarta,TRUK,600,3,12,13238000
Semarang,Yogyakarta,TRUK,600,3,12,13238000
Semarang,Yogyakarta,TRUK,600,3,12,13238000
Semarang,Yogyakarta,TRUK,600,3,12,13238000
Semarang,Yogyakarta,TRUK,600,3,12,13238000
Semarang,Yogyakarta,TRUK,1500,6,12,23895500
Semarang,Yogyakarta,TRUK,500,2,12,12638000
Semarang,Purwokerto,TRUK,255,2,1,12308000
Semarang,Purwokerto,TRUK,250,1,1,11978000
Semarang,Purwokerto,TRUK,311,2,1,12644000
Semarang,Purwokerto,TRUK,224,1,2,9868000
Semarang,Purwokerto,TRUK,420,2,2,12648000
Semarang,Purwokerto,TRUK,250,1,3,11628000
Semarang,Purwokerto,TRUK,491,2,3,11674000
Semarang,Purwokerto,TRUK,250,1,4,10228000
Semarang,Purwokerto,TRUK,371,2,4,10954000
Semarang,Purwokerto,TRUK,900,4,6,14478000
Semarang,Purwokerto,TRUK,625,3,6,12828000
Semarang,Purwokerto,TRUK,625,3,6,12828000
Semarang,Purwokerto,TRUK,600,3,6,12678000
Semarang,Purwokerto,TRUK,245,1,7,10198000
Semarang,Purwokerto,TRUK,533,3,9,12276000
Semarang,Purwokerto,TRUK,367,2,10,13050000
Semarang,Purwokerto,TRUK,263,2,11,8702000
Semarang,Purwokerto,TRUK,581,3,12,14334000
Semarang,Tegal,TRUK,276,2,1,11948500
Semarang,Tegal,TRUK,355,2,1,12422500
Semarang,Tegal,TRUK,266,2,1,9763500
Semarang,Tegal,TRUK,284,2,2,9871500
Semarang,Tegal,TRUK,338,2,2,10195500
Semarang,Tegal,TRUK,300,2,2,9967500
Semarang,Tegal,TRUK,325,2,3,10117500
Semarang,Tegal,TRUK,300,2,3,8567500
Semarang,Tegal,TRUK,250,1,4,8267500
Semarang,Tegal,TRUK,350,2,5,8867500
Semarang,Tegal,TRUK,200,1,5,7967500
Semarang,Tegal,TRUK,350,2,5,8867500
Semarang,Tegal,TRUK,350,2,6,8867500
Semarang,Tegal,TRUK,700,3,6,14585000
Semarang,Tegal,TRUK,900,4,6,17777500
Semarang,Tegal,TRUK,350,2,6,8867500
Semarang,Tegal,TRUK,42,1,7,7019500
Semarang,Tegal,TRUK,300,2,8,8567500
Semarang,Tegal,TRUK,250,1,9,8267500
Semarang,Tegal,TRUK,300,2,9,8567500
Semarang,Tegal,TRUK,39,1,10,7001500
Semarang,Tegal,TRUK,300,2,11,8567500
Semarang,Tegal,TRUK,700,3,12,14335000
Semarang,Tegal,TRUK,300,2,12,8567500
Surabaya,Jember,TRUK,608,3,1,13123250
Surabaya,Jember,TRUK,600,3,2,12792150
Surabaya,Jember,TRUK,600,3,2,12907250
Surabaya,Jember,TRUK,420,2,2,9809800
Surabaya,Jember,TRUK,800,4,3,9779800
Surabaya,Jember,TRUK,600,3,3,10749600
Surabaya,Jember,TRUK,600,3,3,13613000
Surabaya,Jember,TRUK,600,3,4,9275050
Surabaya,Jember,TRUK,600,3,4,10600150
Surabaya,Jember,TRUK,800,4,4,10393500
Surabaya,Jember,TRUK,600,3,5,10350975
Surabaya,Jember,TRUK,600,3,5,8119800
Surabaya,Jember,TRUK,600,3,5,12229425
Surabaya,Jember,TRUK,800,4,6,4208500
Surabaya,Jember,TRUK,1200,5,6,4999500
Surabaya,Jember,TRUK,600,3,6,10011600
Surabaya,Jember,TRUK,1200,5,6,9423800
Surabaya,Jember,TRUK,800,4,6,9786250
Surabaya,Jember,TRUK,200,1,7,6454250
Surabaya,Kediri,TRUK,400,2,1,6315600
Surabaya,Kediri,TRUK,400,2,2,9881100
Surabaya,Kediri,TRUK,200,1,2,5059300
Surabaya,Kediri,TRUK,200,1,3,6663950
Surabaya,Kediri,TRUK,3300,14,3,52060000
Surabaya,Kediri,TRUK,400,2,3,7494150
Surabaya,Kediri,TRUK,400,2,3,7377500
Surabaya,Kediri,TRUK,600,3,4,9822950
Surabaya,Kediri,TRUK,600,3,4,8077750
Surabaya,Kediri,TRUK,600,3,5,11262100
Surabaya,Kediri,TRUK,600,3,5,8713850
Surabaya,Kediri,TRUK,600,3,5,8095000
Surabaya,Kediri,TRUK,600,3,6,8514900
Surabaya,Kediri,TRUK,800,4,6,9958500
Surabaya,Kediri,TRUK,600,3,6,9794500
Surabaya,Kediri,TRUK,700,3,6,7221300
Surabaya,Kediri,TRUK,400,2,6,5182350
Surabaya,Kediri,TRUK,1000,4,6,11229175
Surabaya,Kediri,TRUK,500,2,6,9907275
Surabaya,Kediri,TRUK,3850,16,11,58960000
Surabaya,Kediri,TRUK,3850,16,10,55910000
Surabaya,Kediri,TRUK,3150,13,12,51010000
Surabaya,Kediri,TRUK,375,2,12,8668825
Surabaya,Malang,TRUK,400,2,2,8843300
Surabaya,Malang,TRUK,220,1,2,6423550
Surabaya,Malang,TRUK,200,1,3,2876250
Surabaya,Malang,TRUK,400,2,3,6985200
Surabaya,Malang,TRUK,600,3,4,8899000
Surabaya,Malang,TRUK,600,3,5,10055100
Surabaya,Malang,TRUK,600,3,5,10956250
Surabaya,Malang,TRUK,600,3,5,11220250
Surabaya,Malang,TRUK,600,3,6,8830000
Surabaya,Malang,TRUK,600,3,6,8083000
Surabaya,Malang,TRUK,900,4,6,10498250
Surabaya,Malang,TRUK,400,2,6,6437500
Surabaya,Malang,TRUK,400,2,6,5506400
Surabaya,Malang,TRUK,200,1,6,6602950
Surabaya,Malang,TRUK,200,1,7,2611250
Surabaya,Malang,TRUK,600,3,11,17750000
Surabaya,Denpasar,TRUK,600,3,1,17750000
Surabaya,Denpasar,TRUK,600,3,2,17850000
Surabaya,Denpasar,TRUK,600,3,2,17750000
Surabaya,Denpasar,TRUK,600,3,2,15212500
Surabaya,Denpasar,TRUK,600,3,2,15212500
Surabaya,Denpasar,TRUK,600,3,2,15212500
Surabaya,Denpasar,TRUK,600,3,3,15212500
Surabaya,Denpasar,TRUK,600,3,4,15212500
Surabaya,Denpasar,TRUK,600,3,4,15212500
Surabaya,Denpasar,TRUK,600,3,4,15212500
Surabaya,Denpasar,TRUK,600,3,5,15212500
Surabaya,Denpasar,TRUK,600,3,7,16675000
Surabaya,Denpasar,TRUK,600,3,8,16675000
Surabaya,Denpasar,TRUK,600,3,8,16675000
Surabaya,Denpasar,TRUK,600,3,10,15212500
Banjarmasin,Palangkaraya,TRUK,250,1,2,9750000
Banjarmasin,Palangkaraya,TRUK,500,2,3,13400000
Banjarmasin,Palangkaraya,TRUK,500,2,4,13400000
Banjarmasin,Palangkaraya,TRUK,500,2,4,13400000
Banjarmasin,Palangkaraya,TRUK,250,1,4,9750000
Banjarmasin,Palangkaraya,TRUK,500,2,5,13400000
Banjarmasin,Palangkaraya,TRUK,500,2,5,13400000
Banjarmasin,Palangkaraya,TRUK,500,2,6,13400000
Banjarmasin,Palangkaraya,TRUK,250,1,6,11650000
Banjarmasin,Palangkaraya,TRUK,500,2,7,13400000
Banjarmasin,Palangkaraya,TRUK,500,2,8,13400000
Banjarmasin,Palangkaraya,TRUK,500,2,8,13400000
Banjarmasin,Palangkaraya,TRUK,500,2,9,13400000
Banjarmasin,Palangkaraya,TRUK,500,2,10,13400000
Banjarmasin,Palangkaraya,TRUK,400,2,10,12700000
Banjarmasin,Palangkaraya,TRUK,220,1,10,9540000
Banjarmasin,Palangkaraya,TRUK,250,1,10,9750000
Banjarmasin,Palangkaraya,TRUK,250,1,11,9750000
Banjarmasin,Palangkaraya,TRUK,500,2,11,13400000
Banjarmasin,Palangkaraya,TRUK,700,3,12,15950000
Banjarmasin,Palangkaraya,TRUK,200,1,12,9400000
Balikpapan,Samarinda,TRUK,250,1,1,8512500
Balikpapan,Samarinda,TRUK,600,3,2,10962500
Balikpapan,Samarinda,TRUK,300,2,3,8862500
Balikpapan,Samarinda,TRUK,600,3,3,10962500
Balikpapan,Samarinda,TRUK,250,1,3,8512500
Balikpapan,Samarinda,TRUK,600,3,3,10962500
Balikpapan,Samarinda,TRUK,600,3,3,10962500
Balikpapan,Samarinda,TRUK,300,2,4,8862500
Balikpapan,Samarinda,TRUK,300,2,4,8862500
Balikpapan,Samarinda,TRUK,600,3,5,10962500
Balikpapan,Samarinda,TRUK,600,3,5,10962500
Balikpapan,Samarinda,TRUK,600,3,6,10962500
Balikpapan,Samarinda,TRUK,600,3,6,10962500
Balikpapan,Samarinda,TRUK,600,3,6,10962500
Balikpapan,Samarinda,TRUK,250,1,8,8512500
Balikpapan,Samarinda,TRUK,550,3,9,10612500
Balikpapan,Samarinda,TRUK,600,3,9,10962500
Balikpapan,Samarinda,TRUK,600,3,10,10962500
Balikpapan,Samarinda,TRUK,600,3,11,10962500
Balikpapan,Palu,TRUK,300,2,2,27765000
Balikpapan,Palu,TRUK,600,3,2,35395000
Balikpapan,Palu,TRUK,300,2,4,27765000
Balikpapan,Palu,TRUK,550,3,6,34050000
Balikpapan,Palu,TRUK,275,2,6,27590000
Balikpapan,Palu,TRUK,550,3,9,34050000
Balikpapan,Palu,TRUK,600,3,10,43925000
Balikpapan,Palu,TRUK,600,3,11,43925000
Balikpapan,Tarakan,TRUK,90,1,4,48870000
Balikpapan,Tarakan,TRUK,90,1,4,48870000
Balikpapan,Tarakan,TRUK,550,3,6,50553425
Balikpapan,Tarakan,TRUK,550,3,7,60075000
Balikpapan,Tarakan,TRUK,550,3,9,59065000
Balikpapan,Tarakan,TRUK,550,3,11,60565000
Denpasar,Mataram,KPNG,450,1,1,21551000
Denpasar,Mataram,KPNG,250,1,2,16303000
Denpasar,Mataram,KPNG,250,1,3,16303000
Denpasar,Mataram,KPNG,250,1,3,16303000
Denpasar,Mataram,KPNG,250,1,4,16303000
Denpasar,Mataram,KPNG,250,1,4,16303000
Denpasar,Mataram,KPNG,250,1,4,16303000
Denpasar,Mataram,KPNG,600,1,5,31249000
Denpasar,Mataram,KPNG,250,1,5,16303000
Denpasar,Mataram,KPNG,600,1,6,31249000
Denpasar,Mataram,KPNG,250,1,6,16303000
Denpasar,Mataram,KPNG,250,1,6,43753000
Denpasar,Mataram,KPNG,450,1,6,41503000
Denpasar,Mataram,KPNG,650,1,6,44701000
Denpasar,Mataram,KPNG,250,1,6,16303000
Denpasar,Mataram,KPNG,450,1,6,21551000
Denpasar,Mataram,KPNG,650,1,6,31449000
Denpasar,Mataram,KPNG,250,1,7,16303000
Denpasar,Mataram,KPNG,250,1,8,16303000
Denpasar,Mataram,KPNG,350,1,9,21151000
Denpasar,Mataram,KPNG,500,1,10,30849000
Denpasar,Mataram,KPNG,250,1,11,16303000
Denpasar,Mataram,KPNG,250,1,12,16303000
Denpasar,Mataram,KPNG,250,1,12,16303000
Denpasar,Mataram,KPNG,250,1,12,16303000
Makassar,Mamuju,TRUK,200,1,3,18513000
Makassar,Mamuju,TRUK,410,2,4,23936000
Makassar,Mamuju,TRUK,465,2,6,24266000
Makassar,Mamuju,TRUK,200,1,6,18513000
Makassar,Mamuju,TRUK,425,2,7,24026000
Makassar,Mamuju,TRUK,230,1,8,18693000
Makassar,Kupang,KBRG,800,1,2,107602777.8
Makassar,Kupang,KBRG,855,1,4,112647500
Makassar,Kupang,KBRG,1030,1,6,128698888.9
Makassar,Kupang,KBRG,800,1,8,107602777.8
Makassar,Kupang,KBRG,1325,1,9,155756944.4
Makassar,Kendari,TRUK,700,3,2,71397000
Makassar,Kendari,TRUK,600,3,5,70497000
Makassar,Kendari,TRUK,800,4,6,85250000
Makassar,Kendari,TRUK,350,2,8,55294000
Makassar,Kendari,TRUK,780,4,10,85070000
Makassar,Ambon,KBRG,450,1,2,68800000
Makassar,Ambon,KBRG,550,1,6,70200000
Makassar,Ambon,KBRG,550,1,7,70200000
Makassar,Ambon,KBRG,550,1,9,70200000
Makassar,Manokwari,KBRG,350,1,12,114525000
Makassar,Jayapura,KBRG,550,1,3,114050000
Makassar,Jayapura,KBRG,550,1,6,114050000
Makassar,Jayapura,KBRG,550,1,7,114050000
Makassar,Jayapura,KBRG,1100,1,9,183200000
Manado,Ternate,KPNG,550,1,2,65025000
Manado,Ternate,KPNG,342,1,11,62687000
Manado,Ternate,KPNG,200,1,12,24725000
